Lender,Rate,Available
Bob,0.005833333,500
John,0.005833333,500