Lender,Rate,Available
Bob,0.00291666,500
John,0.00291666,500